"","roms_temp","roms_surf_sal","uEast","vNorth","year","station","mat_sex","haul_type","cpue","gear_temp","date","y_f","lon","lat","station_bathy","roms_dates"
"1",0.210913628339767,31.1778259277344,-0.0037634011823684,-0.00397276878356934,2010,"B-08","legal male",3,1467.88024839139,2.2,2010-06-12,"2010",-595.819064130419,633.973790670937,51.9232749938965,2010-06-13 12:00:00
"2",0.641153037548065,31.2425842285156,0.00208792532794178,6.80073071634979e-06,2010,"C-08","legal male",3,339.796745063459,2,2010-06-12,"2010",-589.581579714094,670.579492844134,81.5498504638672,2010-06-13 12:00:00
"3",0.284592181444168,30.9520626068115,-0.00940603762865067,-0.00831063836812973,2010,"C-09","legal male",3,1099.45083466753,2.1,2010-06-12,"2010",-553.272651342548,665.320197498222,51.1766471862793,2010-06-13 12:00:00
"4",1.10709357261658,31.6850166320801,-0.0029088775627315,-0.000564892834518105,2010,"D-07","legal male",3,71.4545081676085,1.8,2010-06-13,"2010",-623.190336130345,712.389483191969,89.5833892822266,2010-06-13 12:00:00
"5",0.622877061367035,31.0634937286377,0.00208708853460848,-0.000377565389499068,2010,"D-09","legal male",3,155.873356364001,1,2010-06-12,"2010",-547.338637993221,700.360832291621,79.0676574707031,2010-06-13 12:00:00
"6",0.145523339509964,30.8687896728516,-0.00124444533139467,-0.0126683097332716,2010,"D-10","legal male",3,1935.34253200116,1.6,2010-06-11,"2010",-511.514077786547,697.179526980682,67.6752090454103,2010-06-13 12:00:00
"7",0.183753162622452,31.0572967529297,0.00234076427295804,-0.00419079232960939,2010,"E-10","legal male",3,128.276912175062,0.2,2010-06-11,"2010",-504.718420979896,733.897672042192,76.1205215454103,2010-06-13 12:00:00
"8",-0.00720915803685784,30.8905258178711,0.00531030353158712,-0.00385750434361398,2010,"E-11","legal male",3,3889.30020082076,1.5,2010-06-09,"2010",-470.047054884736,728.961060840281,63.6587905883789,2010-06-13 12:00:00
"9",0.153457328677177,30.7297840118408,-0.007247194647789,-0.00788039155304432,2010,"E-12","legal male",3,612.23700487634,1.7,2010-06-09,"2010",-431.085796943074,725.782580217868,53.7791824340821,2010-06-13 12:00:00
"10",0.0190828517079353,31.1981754302979,0.00134313176386058,0.00290997256524861,2010,"F-10","legal male",3,66.4715332491819,0.6,2010-06-11,"2010",-500.244769710142,770.197752263007,72.2983322143555,2010-06-13 12:00:00
"11",-0.0215240828692913,30.977237701416,0.00374826788902283,0.00205472204834223,2010,"F-11","legal male",3,93.5346698077075,0.4,2010-06-09,"2010",-462.749066810117,764.812727856174,89.3056335449218,2010-06-13 12:00:00
"12",-0.295442551374435,30.7880077362061,0.00658733397722244,0.000668022432364523,2010,"F-12","legal male",3,4471.3471083703,1.5,2010-06-09,"2010",-426.745417648369,762.839482359623,67.028091430664,2010-06-13 12:00:00
"13",0.2243582457304,30.788516998291,0.0125934956595302,-0.00142645090818405,2010,"F-13","legal male",3,337.622738186439,1.8,2010-06-09,"2010",-389.660232209291,758.478761375364,58.1817588806153,2010-06-13 12:00:00
"14",1.47629463672638,30.5844879150391,-0.0133276507258415,0.0133985942229629,2010,"F-14","legal male",3,331.326161412542,3.6,2010-06-09,"2010",-352.895863524731,756.291005737405,36.3400001525879,2010-06-13 12:00:00
"15",-0.363098978996277,31.1598434448242,0.00316140847280622,0.00314826192334294,2010,"G-09","legal male",3,73.8277894990746,0.8,2010-06-12,"2010",-531.327135458437,812.624402842302,60.5550842285156,2010-06-13 12:00:00
"16",-0.378713637590408,30.9732894897461,0.00238191010430455,0.00714463880285621,2010,"G-10","legal male",3,67.2360760239835,2.2,2010-06-11,"2010",-494.123916301358,807.55246881079,59.8791999816895,2010-06-13 12:00:00
"17",-0.357655972242355,30.8705501556396,0.000169302467838861,0.00726395566016436,2010,"G-11","legal male",3,590.286261401385,1.5,2010-06-09,"2010",-458.340229305985,801.777472169462,68.2443161010742,2010-06-13 12:00:00
"18",-0.270709276199341,30.808650970459,0.00535991601645947,0.00933433510363102,2010,"G-12","legal male",3,831.986632359127,2.1,2010-06-09,"2010",-421.378080136915,798.432143979321,63.2595710754393,2010-06-13 12:00:00
"19",-0.0432235300540924,30.9271087646484,0.0135205211117864,0.0062451190315187,2010,"G-13","legal male",3,459.798951227624,2.3,2010-06-08,"2010",-383.314392885845,794.166644604834,61.5569763183594,2010-06-13 12:00:00
"20",1.30166912078857,30.7933578491211,0.00596506427973509,-0.00306362612172961,2010,"G-14","legal male",3,130.950351830005,2.6,2010-06-08,"2010",-345.101519459992,792.233136224474,55.6699981689453,2010-06-13 12:00:00
"21",-0.157893911004066,31.3913230895996,0.010880365036428,0.0051083262078464,2010,"H-09","legal male",3,78.2708815447093,2.1,2010-06-11,"2010",-524.606607978079,848.475497366963,51.7117881774902,2010-06-13 12:00:00
"22",0.288685590028763,31.4021186828613,0.00652378425002098,0.00589806167408824,2010,"H-10","legal male",3,282.28725040055,2.2,2010-06-11,"2010",-488.675371871098,844.42831574836,49.560001373291,2010-06-13 12:00:00
"23",0.24560558795929,31.0844955444336,0.00433293543756008,0.0064115128479898,2010,"H-11","legal male",3,397.829012442006,2.3,2010-06-10,"2010",-451.173081509027,839.159783124405,53.6100006103514,2010-06-13 12:00:00
"24",0.336020618677139,31.1739349365234,0.0101880570873618,0.00816369149833918,2010,"H-12","legal male",3,0,2.3,2010-06-09,"2010",-415.539203334266,836.060599624343,60.0699996948241,2010-06-13 12:00:00
"25",0.378784775733948,31.1251907348633,0.0153620690107346,0.0111837927252054,2010,"H-13","legal male",3,226.439209687359,2.3,2010-06-08,"2010",-378.848272400067,830.914740907306,60.9500007629396,2010-06-13 12:00:00
"26",0.729623079299927,31.0149841308594,0.00591358216479421,0.0099705345928669,2010,"H-14","legal male",3,259.068539842965,2.3,2010-06-08,"2010",-340.015872540527,830.769376766881,52.9000015258789,2010-06-13 12:00:00
"27",0.443795382976532,31.6090621948242,0.00791265536099672,0.00187607563566417,2010,"I-09","legal male",3,423.569216033462,2.2,2010-06-11,"2010",-519.494599387675,886.545028904334,40.2700004577636,2010-06-13 12:00:00
"28",0.429539680480957,31.5667304992676,0.00935932993888855,0.00715590547770262,2010,"I-10","legal male",3,445.234243505149,2.1,2010-06-10,"2010",-485.004694970962,879.489085288234,44.5299987792968,2010-06-13 12:00:00
"29",0.377325594425201,31.4938640594482,0.00171787710860372,0.00839912891387939,2010,"I-11","legal male",3,629.230817684435,1.9,2010-06-10,"2010",-445.860424698411,874.692144533104,53.9300003051757,2010-06-13 12:00:00
"30",0.601079702377319,31.374605178833,0.00679722521454096,0.00368843274191022,2010,"I-12","legal male",3,334.760251785037,1.6,2010-06-10,"2010",-408.886148702353,872.992451854474,54.2700004577637,2010-06-13 12:00:00
"31",0.688568651676178,31.2559776306152,0.00980053655803204,0.00191590818576515,2010,"I-13","legal male",3,779.277773151712,1.7,2010-06-08,"2010",-372.523466727723,869.875873608081,51.6699981689454,2010-06-13 12:00:00
"32",0.886490702629089,31.2042922973633,0.00855442695319653,0.0147643461823463,2010,"I-14","legal male",3,362.368964060637,2,2010-06-08,"2010",-335.169406332397,865.46961074103,47.7299995422363,2010-06-13 12:00:00
"33",0.309038877487183,31.6310119628906,-0.0013564492110163,0.00236268644221127,2010,"J-08","legal male",3,145.338807177896,2.5,2010-06-13,"2010",-551.259772150778,928.029224267508,40.189998626709,2010-06-13 12:00:00
"34",1.3084968328476,31.6831607818604,0.0103551689535379,0.0161422863602638,2010,"J-09","legal male",3,241.670495434547,2.6,2010-06-11,"2010",-514.391160701075,923.536751828087,39.189998626709,2010-06-13 12:00:00
"35",1.30714082717896,31.6295890808105,0.017192717641592,0.0132513474673033,2010,"J-10","legal male",3,388.511552150518,2.8,2010-06-10,"2010",-479.916750097715,915.652305597553,35.1500015258789,2010-06-13 12:00:00
"36",0.941548824310303,31.4957504272461,0.000625675078481436,0.00914110988378525,2010,"J-11","legal male",3,337.010485472989,2.4,2010-06-10,"2010",-440.249551466166,912.890795386191,53.3899993896485,2010-06-13 12:00:00
"37",0.757712125778198,31.4286956787109,0.00739397434517741,0.00666060484945774,2010,"J-12","legal male",3,290.188093280758,2.2,2010-06-10,"2010",-404.024113140433,909.478311194506,42.4199981689453,2010-06-13 12:00:00
"38",1.51376092433929,31.3376998901367,0.00844596326351166,0.00250259973108768,2010,"J-13","legal male",3,228.832867355565,1.9,2010-06-08,"2010",-365.402665695821,905.902926244282,47.8699989318847,2010-06-13 12:00:00
"39",2.77814221382141,30.507287979126,NA,NA,2010,"H-16","legal male",3,0,2.9,2010-06-07,"2010",-264.602099070979,823.058439606028,30.8899993896486,2010-06-13 12:00:00
"40",3.09422302246094,30.3960189819336,0.0115048447623849,-0.0212187990546227,2010,"I-16","legal male",3,0,2.4,2010-06-07,"2010",-259.550469334277,860.25028352197,35.7599983215333,2010-06-13 12:00:00
"41",3.42383003234863,30.2516651153564,0.0191714502871037,0.00800232868641615,2010,"J-16","legal male",3,0,1.9,2010-06-07,"2010",-255.224971332601,896.687463838587,34.6399993896485,2010-06-13 12:00:00
"42",4.66712236404419,30.4619522094727,0.0347148105502129,-0.0385561250150204,2010,"J-15","legal male",3,0,1.8,2010-06-07,"2010",-291.726442769787,899.271050046096,38.0900001525879,2010-06-13 12:00:00
"43",4.27230930328369,30.652271270752,0.0590095221996307,0.040610246360302,2010,"K-14","legal male",3,0,3.7,2010-06-08,"2010",-323.883785344632,939.123007963385,19.4400005340577,2010-06-13 12:00:00
"44",3.564692735672,30.7086200714111,-0.00186412688344717,-0.0107270777225494,2010,"J-14","legal male",3,0,2,2010-06-08,"2010",-329.855096448675,902.336144999857,39.3699989318849,2010-06-13 12:00:00
"45",2.85073494911194,31.5199394226074,0.0356589779257774,0.0196147058159113,2010,"K-12","legal male",3,0,6.4,2010-06-10,"2010",-394.946544613524,945.112588634599,18.329999923706,2010-06-13 12:00:00
"46",2.4999520778656,31.5198822021484,-0.00234913313761353,0.00821454729884863,2010,"K-11","legal male",3,0,4.8,2010-06-10,"2010",-431.641071350304,948.624090420334,30.8999996185303,2010-06-13 12:00:00
"47",2.39543581008911,31.6522331237793,0.0100017469376326,0.0322221778333187,2010,"K-10","legal male",3,0,3,2010-06-10,"2010",-469.188842229502,953.69420387966,45.3600006103517,2010-06-13 12:00:00
"48",0.950973570346832,31.3599548339844,-0.00103162915911525,-0.00101115868892521,2010,"D-08","legal male",3,0,1.6,2010-06-12,"2010",-583.281109525378,706.696760287507,87.846809387207,2010-06-13 12:00:00
"49",0.640338003635406,31.4109134674072,-0.00316278939135373,-0.00151846127118915,2010,"E-08","legal male",3,0,0.6,2010-06-12,"2010",-579.525099309353,743.843362487473,85.3735122680664,2010-06-13 12:00:00
"50",-0.67314875125885,31.1116371154785,-0.00284598232246935,0.00148211838677526,2010,"F-08","legal male",3,0,-1,2010-06-13,"2010",-572.049358633588,780.967590441529,73.2414855957031,2010-06-13 12:00:00
"51",-0.66727751493454,31.185173034668,-6.6203203459736e-05,0.00186416343785822,2010,"G-08","legal male",3,0,-0.6,2010-06-13,"2010",-567.443038691059,817.243456633377,65.5820693969727,2010-06-13 12:00:00
"52",-0.543184816837311,31.1700325012207,0.00224515935406089,0.00275587243959308,2010,"H-08","legal male",3,0,1.3,2010-06-13,"2010",-561.887738417744,854.087214037571,50.2510604858399,2010-06-13 12:00:00
"53",-0.43610817193985,31.5763626098633,0.0060926522128284,0.00349416770040989,2010,"I-08","legal male",3,0,2.3,2010-06-13,"2010",-555.592740480326,890.847176872722,43.7599983215332,2010-06-13 12:00:00
"54",2.17255830764771,30.5733737945557,-0.0132503528147936,-0.00279223825782537,2010,"G-15","legal male",3,0,3.1,2010-06-07,"2010",-311.350572967169,791.992630411373,29.3600006103516,2010-06-13 12:00:00
"55",1.5861291885376,30.6028137207031,0.00312224961817265,-0.0219497159123421,2010,"H-15","legal male",3,0,2.1,2010-06-07,"2010",-304.733899265933,824.592237539732,49.0299987792968,2010-06-13 12:00:00
"56",1.57561957836151,30.6561050415039,0.0491148233413696,-0.0125127118080854,2010,"I-15","legal male",3,0,2,2010-06-07,"2010",-298.484824327943,862.062762145486,48.5499992370606,2010-06-13 12:00:00
"57",3.01623249053955,31.0936965942383,0.006756198592484,0.0141252996399999,2010,"K-13","legal male",3,0,2.5,2010-06-08,"2010",-348.909888413641,934.489538782592,38.2400016784667,2010-06-13 12:00:00
"58",2.58741569519043,31.5689640045166,0.0400856137275696,-0.0202531851828098,2010,"K-09","legal male",3,0,3.2,2010-06-11,"2010",-507.4013633652,960.148314038329,28.2700004577637,2010-06-13 12:00:00
"59",0.0139147462323308,31.3013248443604,-0.00198734155856073,0.00180349475704134,2010,"F-09","legal male",3,0,-0.7,2010-06-12,"2010",-536.320487030056,776.745580340203,71.0956802368164,2010-06-13 12:00:00
"60",0.566513001918793,31.2246913909912,-0.00198964565061033,-0.002896623685956,2010,"E-09","legal male",3,0,0.2,2010-06-12,"2010",-541.698376660373,738.39763677424,77.4593276977539,2010-06-13 12:00:00
"61",1.04972612857819,31.3998985290527,-7.72206403780729e-05,0.00136346207000315,2010,"B-07","legal male",3,0,3,2010-06-13,"2010",-632.91313974664,641.200974136154,78.7244033813476,2010-06-13 12:00:00
"62",1.27734577655792,31.5211505889893,-0.00188674253877252,-0.00146149285137653,2010,"C-07","legal male",3,0,1.8,2010-06-13,"2010",-625.600131010965,677.862095838385,93.7229309082031,2010-06-13 12:00:00
"63",0.619520545005798,31.5407085418701,-0.00339758209884167,0.000196124499780126,2010,"E-07","legal male",3,0,0.4,2010-06-13,"2010",-613.370165338444,748.645728437519,85.1473388671875,2010-06-13 12:00:00
"64",-1.05222368240356,30.9613151550293,-0.000278427149169147,0.000117746909381822,2010,"F-07","legal male",3,0,-0.9,2010-06-13,"2010",-610.294402105713,784.985656760535,74.9683837890625,2010-06-13 12:00:00
"65",-0.110173232853413,31.5648956298828,0.00174740806687623,-0.00702834781259298,2010,"J-06","legal male",3,214.640869195458,2.2,2010-06-16,"2010",-623.132001353818,939.480534798939,42.3199996948242,2010-06-20 12:00:00
"66",-0.360024392604828,31.9435195922852,-0.00354104582220316,-0.000286441645585001,2010,"K-05","legal male",3,74.0809215093523,1.1,2010-06-15,"2010",-656.059381311682,982.159058071697,44.6100006103516,2010-06-20 12:00:00
"67",2.06520700454712,31.6653385162354,-0.000406777486205101,-0.00189111102372408,2010,"K-08","legal male",3,80.0798485041161,3,2010-06-14,"2010",-545.719462336505,964.508208937916,34.4300003051758,2010-06-20 12:00:00
"68",1.1567291021347,32.0396156311035,-0.011475277133286,-0.00348023790866137,2010,"K-06","legal male",3,0,2.1,2010-06-16,"2010",-618.441142492631,976.069526028143,41.2200012207031,2010-06-20 12:00:00
"69",-0.880097031593323,31.2365341186523,0.00545531930401921,-0.0021039096172899,2010,"I-06","legal male",3,0,1.4,2010-06-16,"2010",-629.471627440383,902.45490010908,52,2010-06-20 12:00:00
"70",-0.823588132858276,31.0674457550049,0.00404284708201885,-0.00191116181667894,2010,"H-06","legal male",3,0,-0.5,2010-06-16,"2010",-635.505460668333,864.275188760605,66.1914520263672,2010-06-20 12:00:00
"71",-1.1114376783371,31.2802906036377,0.0048663541674614,-0.000223860464757308,2010,"G-06","legal male",3,0,-1,2010-06-17,"2010",-640.168460797419,828.422321902343,69.7333984375,2010-06-20 12:00:00
"72",-0.826669216156006,31.0039176940918,0.00362889724783599,-0.0031628159340471,2010,"F-06","legal male",3,0,-0.7,2010-06-17,"2010",-646.40755064943,791.315966860811,75.0326385498047,2010-06-20 12:00:00
"73",0.620622932910919,31.5493564605713,0.00110622739885002,-0.0032267130445689,2010,"E-06","legal male",3,0,0.4,2010-06-17,"2010",-650.668993530628,754.890908050717,87.2372512817383,2010-06-20 12:00:00
"74",1.17969310283661,31.7564849853516,-0.000777645560447127,-0.00254667410627007,2010,"D-06","legal male",3,0,2.1,2010-06-17,"2010",-656.716726223884,717.742678397239,94.0544967651367,2010-06-20 12:00:00
"75",1.61445009708405,31.8263626098633,0.000337916542775929,-0.00285539496690035,2010,"C-06","legal male",3,0,2.2,2010-06-17,"2010",-663.342584465348,681.040195397248,95.9750518798828,2010-06-20 12:00:00
"76",1.84394288063049,31.7665405273438,0.00350380269810557,-0.00161332136485726,2010,"B-06","legal male",3,0,3,2010-06-18,"2010",-668.186003233931,644.422416409407,100.52033996582,2010-06-20 12:00:00
"77",2.46334433555603,31.7404327392578,0.00811923667788506,0.00694776931777596,2010,"A-06","legal male",3,0,5.1,2010-06-18,"2010",-674.705115288939,610.444821522912,61.6733245849609,2010-06-20 12:00:00
"78",3.40890002250671,32.1035614013672,-0.000537797342985868,-0.00171047844924033,2010,"A-05","legal male",3,0,3.8,2010-06-18,"2010",-709.887916268842,613.653228629174,110.062408447266,2010-06-20 12:00:00
"79",3.69563007354736,32.1565284729004,-0.00172761839348823,-0.000877244339790195,2010,"Z-05","legal male",3,0,4.8,2010-06-18,"2010",-714.802759917418,580.041794922368,81.4962844848633,2010-06-20 12:00:00
"80",4.20066404342651,32.1447143554688,-0.0117513677105308,-0.0110995415598154,2010,"A-04","legal male",3,0,3.9,2010-06-19,"2010",-748.782596205352,619.310985253111,129.349990844727,2010-06-20 12:00:00
"81",3.99500679969788,31.9984378814697,-0.00588273769244552,-0.00142560503445566,2010,"B-03","legal male",3,0,4,2010-06-19,"2010",-778.8289850221,664.575575039709,132.313095092773,2010-06-20 12:00:00
"82",3.7399570941925,31.9896583557129,-0.00207627844065428,-0.000290965806925669,2010,"C-03","legal male",3,0,3.7,2010-06-19,"2010",-774.196029856674,700.340698620906,126.309288024902,2010-06-20 12:00:00
"83",3.24330878257751,31.9171276092529,-0.000444622070062906,-0.000874644436407834,2010,"C-04","legal male",3,0,3.6,2010-06-20,"2010",-738.34219714219,694.155128607336,117.463203430176,2010-06-20 12:00:00
"84",2.22461032867432,31.9297313690186,-0.00185777549631894,-0.00142154761124402,2010,"D-04","legal male",3,0,3.3,2010-06-20,"2010",-730.704103915818,731.23086524341,107.490760803223,2010-06-20 12:00:00
"85",1.62410998344421,31.7701606750488,-0.00267361802980304,-0.00121842150110751,2010,"E-04","legal male",3,0,1.6,2010-06-20,"2010",-725.167220235307,767.823512813273,91.4931869506836,2010-06-20 12:00:00
"86",0.706673562526703,31.2620544433594,-0.000527261407114565,-0.00518169812858105,2010,"F-04","legal male",3,0,-0.7,2010-06-20,"2010",-720.964342696636,804.680763326703,76.7127380371094,2010-06-20 12:00:00
"87",-0.663998186588287,31.0566673278809,-0.00179468188434839,-0.000167617181432433,2010,"G-04","legal male",3,0,-0.2,2010-06-20,"2010",-714.455859476315,840.726669255926,71.8862075805664,2010-06-20 12:00:00
"88",-1.05403113365173,31.0277271270752,0.0029951527249068,0.000958002347033471,2010,"G-07","legal male",3,0,-1,2010-06-14,"2010",-607.159502697898,821.682729059046,68.1320114135742,2010-06-20 12:00:00
"89",-0.633452236652374,31.0161190032959,0.00320037640631199,0.000372923037502915,2010,"H-07","legal male",3,0,0.7,2010-06-14,"2010",-598.679312141757,859.427057608659,59.0501174926758,2010-06-20 12:00:00
"90",-0.184319406747818,31.2531127929688,0.00752891879528761,-0.00130310060922056,2010,"I-07","legal male",3,0,1.8,2010-06-14,"2010",-593.465219241416,894.865099659762,50.1399993896484,2010-06-20 12:00:00
"91",1.31066370010376,31.757532119751,-0.00175093347206712,-0.00783846713602543,2010,"J-07","legal male",3,0,2,2010-06-14,"2010",-588.041109635683,932.577685615683,45.3800010681152,2010-06-20 12:00:00
"92",2.62170433998108,31.6530799865723,-0.00952453445643187,-0.0123543683439493,2010,"K-07","legal male",3,0,2.7,2010-06-14,"2010",-581.936312073967,969.895836524214,38.7700004577637,2010-06-20 12:00:00
"93",-0.908712089061737,31.526819229126,0.00141785200685263,-0.0023808223195374,2010,"J-05","legal male",3,0,1.7,2010-06-15,"2010",-660.011862979672,945.399451304393,48.0800018310547,2010-06-20 12:00:00
"94",-1.03044879436493,31.2362785339355,0.000454136403277516,0.000376576499547809,2010,"I-05","legal male",3,0,0.5,2010-06-16,"2010",-666.468394215987,907.769088836741,56.4887771606445,2010-06-20 12:00:00
"95",-1.01040172576904,31.2591457366943,0.00177157926373184,-0.00207239435985684,2010,"H-05","legal male",3,0,-0.5,2010-06-16,"2010",-671.606500587005,871.47808795428,67.1717300415039,2010-06-20 12:00:00
"96",-0.939642786979675,31.1730422973633,0.00138809182681143,6.60906880511902e-05,2010,"G-05","legal male",3,0,-1,2010-06-16,"2010",-677.287559744065,834.146066277502,70.4942092895508,2010-06-20 12:00:00
"97",0.0755609422922134,31.3435001373291,0.000870418210979551,-0.00419875793159008,2010,"F-05","legal male",3,0,-1,2010-06-16,"2010",-683.125641038224,797.757733251756,76.2449951171875,2010-06-20 12:00:00
"98",1.23892676830292,31.5138053894043,-0.00116842298302799,-0.00300582777708769,2010,"E-05","legal male",3,0,0.9,2010-06-17,"2010",-688.559654298234,760.966102105483,86.0851440429688,2010-06-20 12:00:00
"99",1.45852613449097,31.6770286560059,-0.00151014002040029,-0.00250925961881876,2010,"D-05","legal male",3,0,2.6,2010-06-17,"2010",-693.25179554824,724.652788935861,95.7823257446289,2010-06-20 12:00:00
"100",2.03567671775818,31.9222412109375,3.11851035803556e-05,-0.00151071161963046,2010,"C-05","legal male",3,0,3.4,2010-06-17,"2010",-698.692482131781,687.109320081718,107.959526062012,2010-06-20 12:00:00
"101",3.17704606056213,31.9030838012695,0.00287585519254208,0.000168002545251511,2010,"B-05","legal male",3,0,3.9,2010-06-17,"2010",-705.361964891363,649.83172136829,110.484512329102,2010-06-20 12:00:00
"102",3.64227533340454,31.9834499359131,-0.00301246205344796,0.00123641570098698,2010,"B-04","legal male",3,0,4.2,2010-06-17,"2010",-743.930464319583,657.531295208355,120.441108703613,2010-06-20 12:00:00
"103",2.712082862854,31.9536724090576,-0.00340367970056832,-0.00178567820694298,2010,"D-03","legal male",3,0,3.8,2010-06-18,"2010",-768.446461077265,737.599919138979,124.247428894043,2010-06-20 12:00:00
"104",2.0361156463623,31.8885040283203,-0.00170613068621606,-0.00190647225826979,2010,"E-03","legal male",3,0,2.9,2010-06-18,"2010",-762.428747453285,774.705049948688,103.920852661133,2010-06-20 12:00:00
"105",1.29451644420624,31.381555557251,-0.000514990417286754,-0.00422124750912189,2010,"F-03","legal male",3,0,-0.4,2010-06-18,"2010",-756.82738216773,811.751557175101,82.956672668457,2010-06-20 12:00:00
"106",-0.729929745197296,31.0837936401367,0.000410139793530107,-0.00324678141623735,2010,"G-03","legal male",3,0,-0.3,2010-06-18,"2010",-751.514480095283,847.896473511937,73.847541809082,2010-06-20 12:00:00
"107",-0.594144225120544,30.8295936584473,-0.000838691543322057,0.00276330066844821,2010,"H-03","legal male",3,0,0,2010-06-18,"2010",-745.675841296725,884.436610373907,69.5912780761719,2010-06-20 12:00:00
"108",-0.994722008705139,30.8932685852051,-0.00253079552203417,-0.00273060379549861,2010,"I-03","legal male",3,0,-0.6,2010-06-19,"2010",-740.11025188172,920.635383408744,66.6373443603515,2010-06-20 12:00:00
"109",-0.798191547393799,31.2999172210693,-0.00265057245269418,0.0006131820846349,2010,"J-03","legal male",3,0,0.1,2010-06-19,"2010",-734.350721118942,958.614552138676,59.9000015258789,2010-06-20 12:00:00
"110",0.00159920332953334,31.6886558532715,0.00983594544231892,-0.00130816851742566,2010,"K-03","legal male",3,0,1.7,2010-06-19,"2010",-729.310030622985,995.52202137471,46.0400009155273,2010-06-20 12:00:00
"111",-0.783431231975555,30.8338356018066,-0.00104780402034521,0.000250889337621629,2010,"H-04","legal male",3,0,0.2,2010-06-21,"2010",-709.441878089493,877.920805493684,68.831413269043,2010-06-27 12:00:00
"112",-0.970945954322815,30.7539119720459,-0.00158519600518048,0.00172471441328526,2010,"I-04","legal male",3,0,0.6,2010-06-21,"2010",-704.187282512335,914.564749967888,60.9835243225098,2010-06-27 12:00:00
"113",-0.784211039543152,31.2487659454346,0.00606935005635023,0.00180474936496466,2010,"J-04","legal male",3,0,1.6,2010-06-21,"2010",-698.245777982661,951.709979502637,53.6199989318848,2010-06-27 12:00:00
"114",0.131282791495323,31.4472713470459,0.00562120135873556,0.00665534427389503,2010,"K-04","legal male",3,0,2.1,2010-06-21,"2010",-691.839870087584,988.263720719186,42.9700012207031,2010-06-27 12:00:00
"115",-1.09913659095764,30.9661254882812,-0.00187411915976554,0.00318759446963668,2010,"K-02","legal male",3,0,1.6,2010-06-24,"2010",-765.61203118168,1002.31140271854,51.1199989318848,2010-06-27 12:00:00
"116",-0.700913071632385,31.1154460906982,-0.000771999882999808,0.00492225075140595,2010,"J-02","legal male",3,0,-0.4,2010-06-24,"2010",-771.258468598989,965.577749708265,61.4053192138672,2010-06-27 12:00:00
"117",-0.22027263045311,31.0699653625488,0.000562237692065537,0.00420870119705796,2010,"I-02","legal male",3,0,-0.3,2010-06-24,"2010",-777.029744264354,928.970075183361,67.2223587036133,2010-06-27 12:00:00
"118",-0.600716769695282,30.9028072357178,0.000613700074609369,0.00315261050127447,2010,"H-02","legal male",3,0,0,2010-06-25,"2010",-783.157282802666,892.166550142104,69.8451919555664,2010-06-27 12:00:00
"119",-0.742592573165894,31.0058975219727,-0.00135899393353611,-0.00294322799891233,2010,"G-02","legal male",3,0,-0.4,2010-06-25,"2010",-788.493366118775,855.487392874599,74.1584548950195,2010-06-27 12:00:00
"120",-0.433850198984146,30.9601707458496,0.00209092535078526,-0.0057813236489892,2010,"G-01","legal male",3,0,-0.7,2010-06-25,"2010",-825.372100648843,862.112141737285,76.4391326904297,2010-06-27 12:00:00
"121",1.58533942699432,31.6110935211182,0.00249938038177788,-0.00570696732029319,2010,"F-01","legal male",3,0,1.3,2010-06-25,"2010",-830.223967942607,826.197166979143,101.208541870117,2010-06-27 12:00:00
"122",1.5689058303833,31.6649951934814,0.000404293998144567,-0.00509902974590659,2010,"F-02","legal male",3,0,1.1,2010-06-25,"2010",-794.972255489617,818.671340008597,95.6200408935547,2010-06-27 12:00:00
"123",2.60246634483337,31.9646949768066,0.000567032780963928,-0.000181391544174403,2010,"E-02","legal male",3,0,2.8,2010-06-26,"2010",-799.372484952048,781.062834627171,113.118858337402,2010-06-27 12:00:00
"124",3.57123112678528,32.0401878356934,-0.00176918099168688,-0.0030403551645577,2010,"D-02","legal male",3,0,3.7,2010-06-26,"2010",-805.259060951311,744.995333831897,134.307022094727,2010-06-27 12:00:00
"125",4.08076667785645,32.1813659667969,-0.0103334337472916,-0.00253050029277802,2010,"C-02","legal male",3,0,3.8,2010-06-26,"2010",-811.60275457692,708.622009785258,135.253219604492,2010-06-27 12:00:00
"126",-0.799545645713806,31.2028274536133,0.000408848456572741,0.0021343610715121,2010,"K-01","legal male",3,0,0.2,2010-06-24,"2010",-802.636218997468,1009.09206300766,59.6970977783203,2010-06-27 12:00:00
"127",0.443016231060028,31.2726802825928,0.00094873527996242,0.00609847158193588,2010,"J-01","legal male",3,0,-1.3,2010-06-24,"2010",-808.026784686235,972.717593559655,67.0976943969727,2010-06-27 12:00:00
"128",0.494346886873245,31.1110248565674,-0.000306824105791748,0.0017047863220796,2010,"I-01","legal male",3,0,-1.1,2010-06-24,"2010",-813.561295430704,936.612961607394,68.8831405639648,2010-06-27 12:00:00
"129",-0.158974379301071,30.8195819854736,-0.00165182061027735,0.00274072424508631,2010,"H-01","legal male",3,0,0.2,2010-06-24,"2010",-819.410960586789,899.022376240432,73.5748062133789,2010-06-27 12:00:00
"130",3.04714131355286,32.0514488220215,-0.00260847178287804,-0.00187538715545088,2010,"E-01","legal male",3,0,3.9,2010-06-25,"2010",-837.807315623713,789.019871039648,129.053359985352,2010-06-27 12:00:00
"131",3.92641639709473,32.1774635314941,-0.0101717421784997,-0.00591028062626719,2010,"D-01","legal male",3,0,3.8,2010-06-26,"2010",-841.913224723044,753.043958300658,131.930709838867,2010-06-27 12:00:00
"132",4.31730079650879,32.1273574829102,-0.00335379270836711,-0.00106927426531911,2010,"A-03","legal male",3,0,4,2010-06-30,"2010",-785.42942334392,627.687954511157,143.050521850586,2010-07-04 12:00:00
"133",4.4605541229248,32.1520805358887,0.00248857983388007,0.000534659193363041,2010,"A-02","legal male",3,0,4,2010-06-30,"2010",-822.176874744721,636.076019465715,154.420867919922,2010-07-04 12:00:00
"134",4.19194602966309,32.181770324707,-0.00428665010258555,0.000220407091546804,2010,"B-02","legal male",3,0,3.8,2010-06-30,"2010",-816.911960695213,671.458147015571,139.006866455078,2010-07-04 12:00:00
"135",4.41037654876709,32.4915657043457,0.00373926712200046,-0.000594036420807242,2010,"B-01","legal male",3,0,3.9,2010-06-30,"2010",-854.387828322078,679.933731576102,147.399078369141,2010-07-04 12:00:00
"136",4.41591835021973,32.413257598877,0.00055704836267978,0.00194522948004305,2010,"C-01","legal male",3,0,3.8,2010-06-30,"2010",-848.359861059766,715.842469196758,134.799911499023,2010-07-04 12:00:00
"137",2.25998520851135,31.0180072784424,-0.000953239388763905,-0.00215025246143341,2011,"H-15","legal male",3,234.650470492303,2.7,2011-06-05,"2011",-303.938434258849,826.578230169992,46.9300003051758,2011-06-05 12:00:00
"138",2.62718152999878,30.7259769439697,-0.00342016946524382,0.00156129710376263,2011,"G-15","legal male",3,0,4,2011-06-05,"2011",-311.39066110377,788.481800479143,32.2500000000001,2011-06-05 12:00:00
"139",1.74367713928223,31.117603302002,0.0405255034565926,-0.0044534457847476,2011,"I-15","legal male",3,0,2.5,2011-06-05,"2011",-298.203167198812,864.387852127026,44.0900001525878,2011-06-05 12:00:00
"140",3.43523287773132,30.6592483520508,NA,NA,2011,"H-16","legal male",3,0,3.7,2011-06-05,"2011",-265.485525917469,822.225466656414,29.5900001525879,2011-06-05 12:00:00
"141",3.75499105453491,30.7606430053711,0.0172285679727793,-0.0315570496022701,2011,"I-16","legal male",3,0,3.6,2011-06-05,"2011",-259.477085921118,861.310960095145,36.9099998474122,2011-06-05 12:00:00
"142",4.36396789550781,30.6369667053223,0.0294307395815849,0.011300073005259,2011,"J-16","legal male",3,0,4.4,2011-06-05,"2011",-254.294203907573,899.076235038408,29.0100002288818,2011-06-05 12:00:00
"143",3.93723821640015,30.8337154388428,0.0224737524986267,-0.0208661053329706,2011,"J-15","legal male",3,0,4,2011-06-05,"2011",-292.393604208181,899.63126071962,37.6199989318847,2011-06-05 12:00:00
"144",0.978142559528351,31.1416072845459,-0.00297878356650472,-0.0154942981898785,2011,"B-08","legal male",3,648.951466157624,4.7,2011-06-11,"2011",-596.301555676331,633.879616852463,53.5704383850098,2011-06-12 12:00:00
"145",0.958905875682831,31.5720920562744,0.00719267455860972,-0.00339113269001245,2011,"D-09","legal male",3,1316.47874756805,3.8,2011-06-10,"2011",-548.19575795063,702.121770999695,78.4993209838867,2011-06-12 12:00:00
"146",0.526019096374512,30.7676849365234,-0.0025433786213398,-0.0243584178388119,2011,"D-10","legal male",3,225.081825457626,3.9,2011-06-10,"2011",-512.962124223019,697.769075940318,72.3294525146486,2011-06-12 12:00:00
"147",0.144664719700813,31.1063804626465,0.00728019094094634,-0.00385043164715171,2011,"E-10","legal male",3,734.516991400197,2.7,2011-06-10,"2011",-504.73237807158,733.609467444309,74.4499588012696,2011-06-12 12:00:00
"148",-0.330466866493225,30.8395195007324,0.00753723224624991,-0.00659309327602386,2011,"E-11","legal male",3,920.865007820785,4,2011-06-07,"2011",-470.190384548065,729.114557035686,63.6587905883789,2011-06-12 12:00:00
"149",-0.0467580407857895,30.7168922424316,-0.00696473103016615,-0.00845155119895935,2011,"E-12","legal male",3,481.258040259913,3.9,2011-06-07,"2011",-430.284770801991,725.888632461149,53.0002403259278,2011-06-12 12:00:00
"150",-0.0392977930605412,31.182689666748,6.96799979778007e-05,0.000840033811982721,2011,"F-10","legal male",3,160.511656000519,3,2011-06-10,"2011",-499.750201595658,770.172424856947,71.9506607055664,2011-06-12 12:00:00
"151",-0.248162165284157,30.9879322052002,0.00367753114551306,-0.00124359934125096,2011,"F-11","legal male",3,1894.30058878069,2.6,2011-06-07,"2011",-462.484253258914,767.360728497923,89.1512298583985,2011-06-12 12:00:00
"152",-0.575260519981384,30.7766723632812,0.00808702409267426,-0.000759637623559684,2011,"F-12","legal male",3,1568.26564295477,3.3,2011-06-07,"2011",-426.497546856658,762.733662004869,67.327522277832,2011-06-12 12:00:00
"153",0.172706335783005,30.786190032959,0.00818395800888538,-0.00647094659507275,2011,"F-13","legal male",3,446.730634111147,3.9,2011-06-07,"2011",-390.32209240237,757.647007837567,58.2810020446778,2011-06-12 12:00:00
"154",-0.467269212007523,31.4199562072754,0.00269784335978329,0.00224055210128427,2011,"G-09","legal male",3,75.3077074583903,2.1,2011-06-09,"2011",-531.15399400121,812.583343693938,60.5550842285156,2011-06-12 12:00:00
"155",-0.74567037820816,31.3280220031738,-0.000792349630501121,0.00329396687448025,2011,"G-10","legal male",3,76.8821017687552,2.3,2011-06-09,"2011",-493.652381371461,808.100338525314,59.3732757568359,2011-06-12 12:00:00
"156",-0.682025551795959,31.2479991912842,-0.00254295067861676,0.0016650315374136,2011,"G-11","legal male",3,316.534479393003,2.8,2011-06-07,"2011",-457.713721988144,802.77632416883,69.1869430541992,2011-06-12 12:00:00
"157",-0.348035305738449,30.7952747344971,0.00459115207195282,0.00430041644722223,2011,"G-12","legal male",3,518.99475547509,3.2,2011-06-08,"2011",-420.279718874395,798.868875427322,64.2573242187498,2011-06-12 12:00:00
"158",0.367134988307953,30.8747978210449,0.00863735843449831,0.00556796137243509,2011,"G-13","legal male",3,439.252383718087,3.4,2011-06-06,"2011",-384.134505467592,795.527763273534,62.5069923400879,2011-06-12 12:00:00
"159",1.86681282520294,30.9481410980225,0.00153221748769283,-0.00364296464249492,2011,"G-14","legal male",3,154.232357562531,3.9,2011-06-06,"2011",-344.41352619306,792.144888408301,55.8400001525881,2011-06-12 12:00:00
"160",0.491341769695282,31.317419052124,0.000740555580705404,0.000492530176416039,2011,"H-08","legal male",3,78.7332470305308,2.1,2011-06-12,"2011",-561.164076585147,854.52111164833,50.2510604858399,2011-06-12 12:00:00
"161",0.692523241043091,31.2906551361084,0.00319720432162285,0.00228256522677839,2011,"H-09","legal male",3,145.696136521875,2.3,2011-06-09,"2011",-524.649500996145,849.129898531048,51.5271072387695,2011-06-12 12:00:00
"162",1.18518614768982,31.3156776428223,0.00382521143183112,0.005368881393224,2011,"H-10","legal male",3,157.840896767195,2.3,2011-06-09,"2011",-487.542328519478,846.260602069509,48.2099990844726,2011-06-12 12:00:00
"163",-0.531175315380096,31.2224216461182,-0.00284675834700465,0.00428858026862144,2011,"H-11","legal male",3,651.818037958008,2.3,2011-06-08,"2011",-451.774980614716,840.564382377732,53.9599990844725,2011-06-12 12:00:00
"164",0.971158266067505,31.2158584594727,0.00144374335650355,0.00232127797789872,2011,"H-12","legal male",3,0,2.7,2011-06-08,"2011",-416.378558734055,835.884781374295,55.5099983215329,2011-06-12 12:00:00
"165",1.39648413658142,31.2225646972656,0.00375219434499741,0.00148348417133093,2011,"H-13","legal male",3,0,2.6,2011-06-06,"2011",-378.173824883314,832.513673889726,61.5099983215333,2011-06-12 12:00:00
"166",1.93752241134644,31.1317558288574,0.00831965915858746,0.0066960146650672,2011,"H-14","legal male",3,313.113986611056,3,2011-06-06,"2011",-340.447236007644,828.399363926295,53.7000007629394,2011-06-12 12:00:00
"167",0.692614793777466,31.2789573669434,0.00488231889903545,0.00255559664219618,2011,"I-08","legal male",3,76.8625107730355,2.1,2011-06-12,"2011",-557.689007311445,891.517648838777,42.8800010681152,2011-06-12 12:00:00
"168",1.01113629341125,31.3060321807861,0.00784477312117815,0.00463890563696623,2011,"I-09","legal male",3,300.17997696008,2.2,2011-06-09,"2011",-520.120754375316,886.625860490367,40.2099990844727,2011-06-12 12:00:00
"169",1.20985805988312,31.3224086761475,0.00208971789106727,0.00407521426677704,2011,"I-10","legal male",3,74.0777439665924,2.3,2011-06-09,"2011",-483.042444691081,879.634158765974,45.029998779297,2011-06-12 12:00:00
"170",1.85357284545898,30.9522323608398,0.000969806918874383,0.000136182934511453,2011,"I-12","legal male",3,149.950417496697,2.2,2011-06-08,"2011",-409.953559930167,872.923966523837,53.1699981689452,2011-06-12 12:00:00
"171",1.31157350540161,31.0805950164795,0.00166231952607632,0.0029835794121027,2011,"I-13","legal male",3,388.584952789144,2.2,2011-06-06,"2011",-373.046048244373,869.312878179342,50.7200012207031,2011-06-12 12:00:00
"172",2.35364842414856,31.0787334442139,0.00376345869153738,-0.00918007642030716,2011,"I-14","legal male",3,223.591943794076,2.3,2011-06-06,"2011",-335.125983711628,865.537649499503,47.7299995422363,2011-06-12 12:00:00
"173",0.909354448318481,31.2986373901367,0.00540745723992586,-0.000969031592831016,2011,"J-07","legal male",3,383.908298023103,1.9,2011-06-12,"2011",-586.698149276058,933.222479095021,45.2299995422363,2011-06-12 12:00:00
"174",0.695877134799957,31.3039588928223,0.0055721434764564,0.00560145545750856,2011,"J-08","legal male",3,153.337056232026,2.4,2011-06-12,"2011",-551.581872670328,927.866297923107,40.189998626709,2011-06-12 12:00:00
"175",1.53943645954132,31.2848873138428,0.00540864001959562,0.0046187387779355,2011,"J-09","legal male",3,170.26385158892,2.7,2011-06-09,"2011",-514.710393565012,923.505832618035,39.189998626709,2011-06-12 12:00:00
"176",1.78387212753296,31.1845417022705,-0.00289000826887786,0.0112893041223288,2011,"J-10","legal male",3,244.963869337058,2.7,2011-06-09,"2011",-476.666894329786,916.388176379022,33.0699996948242,2011-06-12 12:00:00
"177",2.31744384765625,31.2028007507324,-0.00277298502624035,-0.0140899894759059,2011,"J-12","legal male",3,757.795469138285,2.8,2011-06-08,"2011",-403.400730063884,909.654034948856,43.0400009155273,2011-06-12 12:00:00
"178",3.01698970794678,31.0792179107666,0.00165732158347964,-0.00117912888526917,2011,"J-13","legal male",3,76.2907950927191,2,2011-06-06,"2011",-366.523540408151,905.752329695948,47.0900001525879,2011-06-12 12:00:00
"179",4.69737339019775,30.7506122589111,-0.0236291568726301,-0.018513698130846,2011,"J-14","legal male",3,222.799693697421,3.4,2011-06-06,"2011",-330.420503550243,902.877280736013,40.5299987792969,2011-06-12 12:00:00
"180",2.18297052383423,31.0474319458008,0.00553423352539539,0.0232732389122248,2011,"K-11","legal male",3,165.922846874188,4.2,2011-06-08,"2011",-441.818293105904,938.277524529751,36.1500015258789,2011-06-12 12:00:00
"181",4.21170949935913,30.9934558868408,-0.0151032023131847,0.00612643640488386,2011,"K-13","legal male",3,0,3.6,2011-06-06,"2011",-349.210887466059,936.087360544171,36.849998474121,2011-06-12 12:00:00
"182",1.87763679027557,31.2352962493896,-0.00251937191933393,0.00982249528169632,2011,"I-11","legal male",3,0,2.3,2011-06-08,"2011",-446.111018731791,876.00528630866,50.5900001525879,2011-06-12 12:00:00
"183",2.00899600982666,30.9386024475098,-0.0129958754405379,0.010487986728549,2011,"J-11","legal male",3,0,2.7,2011-06-08,"2011",-440.463707702095,912.251724243577,52.5600013732911,2011-06-12 12:00:00
"184",2.17924857139587,31.1788787841797,-0.000903500593267381,0.04997893050313,2011,"K-10","legal male",3,0,4.7,2011-06-08,"2011",-469.349834272975,953.107087344843,45.3600006103517,2011-06-12 12:00:00
"185",2.64758372306824,31.1003723144531,0.0442589372396469,-0.0331846214830875,2011,"K-09","legal male",3,0,3.6,2011-06-09,"2011",-507.97655491014,959.828661771939,28.2700004577637,2011-06-12 12:00:00
"186",0.394956111907959,31.5442581176758,0.00216743722558022,0.00183854589704424,2011,"F-09","legal male",3,0,1.9,2011-06-10,"2011",-536.13460798634,775.828289651207,71.0956802368164,2011-06-12 12:00:00
"187",1.4169260263443,31.7573642730713,0.00242065079510212,-0.00123749254271388,2011,"D-08","legal male",3,0,3.1,2011-06-10,"2011",-582.871049755641,707.357924540112,88.4118576049805,2011-06-12 12:00:00
"188",0.982580602169037,31.5436992645264,0.00723710376769304,-0.0042018867097795,2011,"C-08","legal male",3,0,3.8,2011-06-10,"2011",-589.093285619971,670.191342689192,81.5498504638672,2011-06-12 12:00:00
"189",1.58245003223419,31.6890125274658,0.00336521887220442,-0.00199747295118868,2011,"C-07","legal male",3,0,3.2,2011-06-11,"2011",-625.320675036466,678.661643795594,93.7229309082031,2011-06-12 12:00:00
"190",1.49823939800262,31.8453750610352,0.0015299835940823,0.000271401600912213,2011,"D-07","legal male",3,0,2.6,2011-06-11,"2011",-623.233029565563,712.494090042253,89.5833892822266,2011-06-12 12:00:00
"191",1.22589290142059,31.9106216430664,0.00167937122751027,0.00213273498229682,2011,"E-07","legal male",3,0,1.8,2011-06-11,"2011",-617.55552337091,750.136070961151,86.4002532958984,2011-06-12 12:00:00
"192",0.456512868404388,31.6928100585938,0.00351030146703124,0.000661228958051652,2011,"F-07","legal male",3,0,1.5,2011-06-11,"2011",-610.523873813714,786.91409752263,75.3878707885742,2011-06-12 12:00:00
"193",-0.607196509838104,31.4318466186523,0.00285960570909083,0.00204644212499261,2011,"G-07","legal male",3,0,1.2,2011-06-11,"2011",-605.73506000229,823.100484526314,67.9298706054688,2011-06-12 12:00:00
"194",0.465357035398483,31.3285713195801,0.00287420209497213,0.00054638076107949,2011,"H-07","legal male",3,0,1.8,2011-06-12,"2011",-598.836845279853,859.566153527389,59.0501174926758,2011-06-12 12:00:00
"195",0.542833745479584,31.3022212982178,0.00536527018994093,0.00181746191810817,2011,"I-07","legal male",3,0,1.7,2011-06-12,"2011",-592.821098340842,895.463180839643,49.9900016784668,2011-06-12 12:00:00
"196",1.00249087810516,30.939546585083,-0.0130106005817652,-0.0234605595469475,2011,"C-09","legal male",3,0,4.4,2011-06-10,"2011",-554.011973999738,665.384247952709,53.4321556091309,2011-06-12 12:00:00
"197",5.3362717628479,30.7487621307373,0.0616517625749111,0.0538363493978977,2011,"K-14","legal male",3,0,5.6,2011-06-06,"2011",-323.770784101747,940.23374589868,18.1299991607666,2011-06-12 12:00:00
"198",2.13179230690002,30.7395076751709,-0.0017266096547246,-0.00931428000330925,2011,"F-14","legal male",3,0,4.7,2011-06-07,"2011",-348.822479748881,757.290693632348,33.8800010681153,2011-06-12 12:00:00
"199",2.9157862663269,31.14040184021,0.0272655822336674,0.0259073916822672,2011,"K-12","legal male",3,0,4.9,2011-06-08,"2011",-395.07273844569,944.849188451899,18.7600002288819,2011-06-12 12:00:00
"200",1.37910199165344,31.5718173980713,0.00519021134823561,-0.00490126013755798,2011,"B-07","legal male",3,0,3.9,2011-06-11,"2011",-633.067131579213,639.90964964948,78.2845306396485,2011-06-12 12:00:00
"201",1.04761564731598,31.5951404571533,0.00301924953237176,-0.00024041831784416,2011,"E-09","legal male",3,0,2.7,2011-06-12,"2011",-541.787980723343,739.665195666933,77.7416229248047,2011-06-12 12:00:00
"202",1.0835542678833,31.8004264831543,0.000483888085000217,0.0016267781611532,2011,"E-08","legal male",3,0,2.6,2011-06-12,"2011",-579.549679359311,743.8896796501,85.3735122680664,2011-06-12 12:00:00
"203",0.300013691186905,31.6726112365723,0.00145542388781905,0.00194283726159483,2011,"F-08","legal male",3,0,1.8,2011-06-12,"2011",-571.394394360957,780.392211896489,74.164810180664,2011-06-12 12:00:00
"204",-0.614506959915161,31.4263477325439,0.00295673776417971,0.00211471342481673,2011,"G-08","legal male",3,0,2,2011-06-12,"2011",-567.627902848252,817.485094440172,65.5820693969727,2011-06-12 12:00:00
"205",1.47969341278076,31.3818321228027,0.0150003517046571,0.00712280813604593,2011,"K-03","legal male",3,73.858987645139,2.2,2011-06-17,"2011",-728.738784621115,995.416088154773,45.6300010681152,2011-06-19 12:00:00
"206",1.36766004562378,31.3970394134521,0.0197946056723595,0.00372392241843045,2011,"K-04","legal male",3,73.1673642422025,2.2,2011-06-17,"2011",-692.24780074848,988.311585490824,41.9599990844727,2011-06-19 12:00:00
"207",2.47382926940918,31.2409648895264,0.0148947918787599,0.000180988106876612,2011,"K-08","legal male",3,85.4466014113438,3.2,2011-06-13,"2011",-544.629594029178,965.276657405573,33.5699996948242,2011-06-19 12:00:00
"208",2.0430896282196,31.2745513916016,0.00911502353847027,0.00263896305114031,2011,"K-07","legal male",3,0,2.7,2011-06-13,"2011",-581.150524673094,970.158653334473,38.7700004577637,2011-06-19 12:00:00
"209",1.11812233924866,31.3914165496826,0.0078497901558876,0.00415219459682703,2011,"K-05","legal male",3,0,2.1,2011-06-14,"2011",-656.807178236024,981.97570664711,44.6100006103516,2011-06-19 12:00:00
"210",0.868869781494141,31.3592166900635,0.0126128774136305,0.00612878613173962,2011,"J-05","legal male",3,0,2.2,2011-06-14,"2011",-660.307042898142,944.747268006938,48.689998626709,2011-06-19 12:00:00
"211",0.62054854631424,31.3659553527832,0.00478392280638218,-0.00044668119517155,2011,"I-05","legal male",3,0,0.8,2011-06-15,"2011",-666.260541626389,907.105854025897,56.6415176391602,2011-06-19 12:00:00
"212",1.26874113082886,31.5373401641846,0.0062745064496994,-0.00031495516304858,2011,"H-05","legal male",3,0,0.2,2011-06-15,"2011",-671.798178963687,871.108743777052,67.1717300415039,2011-06-19 12:00:00
"213",1.39730739593506,31.892240524292,0.00451436406001449,-0.00111869443207979,2011,"G-05","legal male",3,0,1.2,2011-06-15,"2011",-677.744338495506,834.173072518184,70.4942092895508,2011-06-19 12:00:00
"214",1.5229709148407,31.9918212890625,0.00250529078766704,-0.000501229660585523,2011,"F-05","legal male",3,0,2.7,2011-06-15,"2011",-683.478860339864,797.743279679589,76.2449951171875,2011-06-19 12:00:00
"215",1.95445394515991,32.0204086303711,0.00366893829777837,0.00253677577711642,2011,"E-05","legal male",3,0,2.1,2011-06-15,"2011",-688.580291339198,760.775033598712,86.0851440429688,2011-06-19 12:00:00
"216",2.50069260597229,32.1039810180664,0.00401823176071048,0.00457606511190534,2011,"F-03","legal male",3,0,2.1,2011-06-16,"2011",-756.788301609755,811.313776399777,82.956672668457,2011-06-19 12:00:00
"217",2.49992704391479,32.1332855224609,0.00137641944456846,0.00313016027212143,2011,"G-03","legal male",3,0,1.6,2011-06-16,"2011",-750.960337156914,848.581916383534,73.0984344482422,2011-06-19 12:00:00
"218",2.25036644935608,32.1438827514648,-0.00149542803410441,0.00353231886401772,2011,"H-03","legal male",3,0,0.7,2011-06-16,"2011",-746.702291217945,884.364938931281,70.0340042114258,2011-06-19 12:00:00
"219",2.24152064323425,32.1906661987305,0.00028582860250026,0.00125823938287795,2011,"I-03","legal male",3,0,0.9,2011-06-16,"2011",-740.723857369512,921.56756468181,66.9706802368164,2011-06-19 12:00:00
"220",1.6969051361084,31.6360969543457,0.00290672923438251,-0.00225440831854939,2011,"J-03","legal male",3,0,1.1,2011-06-16,"2011",-735.212694488153,958.42554229476,60.0900001525879,2011-06-19 12:00:00
"221",1.97385096549988,31.742561340332,-0.00129116920288652,-0.000193704763660207,2011,"K-01","legal male",3,0,1.6,2011-06-19,"2011",-802.531615820427,1010.24976017204,58.8800010681152,2011-06-19 12:00:00
"222",1.2519702911377,31.3358612060547,0.00812559202313423,0.00262114638462663,2011,"K-06","legal male",3,0,2.3,2011-06-14,"2011",-618.806879357633,975.665677776397,42.5400009155273,2011-06-19 12:00:00
"223",0.862929940223694,31.3495788574219,0.0115505326539278,0.00697896722704172,2011,"J-06","legal male",3,0,2,2011-06-14,"2011",-623.046469990722,939.07409552663,42.3199996948242,2011-06-19 12:00:00
"224",0.537878632545471,31.326530456543,0.004748051520437,0.00117013452108949,2011,"I-06","legal male",3,0,2.2,2011-06-14,"2011",-629.036203406351,902.231958493408,52,2011-06-19 12:00:00
"225",0.083887979388237,31.3654270172119,0.00501937419176102,0.00137569801881909,2011,"H-06","legal male",3,0,0.8,2011-06-15,"2011",-635.843020886179,867.483798902756,65.8599853515625,2011-06-19 12:00:00
"226",0.583171308040619,31.5519371032715,0.00554526457563043,0.00123299402184784,2011,"G-06","legal male",3,0,2,2011-06-15,"2011",-640.18989460892,828.022200414349,69.7333984375,2011-06-19 12:00:00
"227",0.632248878479004,31.73805809021,0.00449210964143276,-7.29915482224897e-05,2011,"F-06","legal male",3,0,2.5,2011-06-15,"2011",-645.464902719665,791.303221045167,75.5022888183594,2011-06-19 12:00:00
"228",1.66668844223022,31.9457988739014,0.00276034767739475,0.00302700395695865,2011,"E-06","legal male",3,0,2.4,2011-06-15,"2011",-651.243667653186,754.094326315323,87.0421371459961,2011-06-19 12:00:00
"229",1.82018208503723,31.8991966247559,0.00218604924157262,0.0030217282474041,2011,"D-06","legal male",3,0,2.2,2011-06-15,"2011",-657.303976210196,717.682412609693,93.1384582519531,2011-06-19 12:00:00
"230",1.91545486450195,32.0812034606934,0.00314475642517209,0.00127923442050815,2011,"F-04","legal male",3,0,2.4,2011-06-16,"2011",-719.955168750339,801.598137346513,77.9096755981445,2011-06-19 12:00:00
"231",1.75645470619202,32.0427703857422,0.00227068667300045,-0.000794007675722241,2011,"G-04","legal male",3,0,1.6,2011-06-16,"2011",-715.008702994406,839.267007616649,72.8638687133789,2011-06-19 12:00:00
"232",1.68365824222565,31.9534225463867,0.00150311866309494,-0.00020016853522975,2011,"H-04","legal male",3,0,0.4,2011-06-16,"2011",-709.332414155647,877.502806990059,68.6893005371094,2011-06-19 12:00:00
"233",2.40626931190491,31.955358505249,0.00204654084518552,0.00134569650981575,2011,"I-04","legal male",3,0,0.8,2011-06-16,"2011",-703.295996181072,914.493146472145,60.8578872680664,2011-06-19 12:00:00
"234",1.2080100774765,31.4817810058594,0.00550123164430261,0.00206914078444242,2011,"J-04","legal male",3,0,2.1,2011-06-16,"2011",-698.053048258775,952.340351156048,53.4799995422363,2011-06-19 12:00:00
"235",1.56769144535065,31.6120758056641,-0.00140496343374252,0.00228662416338921,2011,"K-02","legal male",3,0,2,2011-06-19,"2011",-765.306236577832,1002.29770558161,51.1199989318848,2011-06-19 12:00:00
"236",1.94836270809174,31.8387184143066,0.00270474143326283,0.000244982569711283,2011,"C-06","legal male",3,76.6913468849221,3.6,2011-06-24,"2011",-662.745680021892,682.363987003934,95.6647491455078,2011-06-26 12:00:00
"237",2.24298048019409,31.7221851348877,-0.00168854102957994,0.00274442997761071,2011,"J-01","legal male",3,0,1,2011-06-20,"2011",-808.681217679803,972.831695850683,66.994873046875,2011-06-26 12:00:00
"238",2.37688493728638,31.945629119873,-0.000531652010977268,0.00196882151067257,2011,"I-01","legal male",3,0,2.5,2011-06-20,"2011",-813.50409666209,936.121606541986,68.8831405639648,2011-06-26 12:00:00
"239",2.07087826728821,31.9654216766357,0.00172542466316372,0.00437478814274073,2011,"H-01","legal male",3,0,2.6,2011-06-20,"2011",-819.33082109898,899.266796820372,73.5748062133789,2011-06-26 12:00:00
"240",3.02228569984436,32.1080284118652,0.00365390419028699,0.00123925367370248,2011,"G-01","legal male",3,0,3.4,2011-06-20,"2011",-824.443577651077,862.365948142882,77.2524261474609,2011-06-26 12:00:00
"241",2.73644924163818,31.8504981994629,0.00205346615985036,-0.00217531807720661,2011,"A-05","legal male",3,0,4.3,2011-06-24,"2011",-710.578094750187,613.265492813665,110.011405944824,2011-06-26 12:00:00
"242",2.98496651649475,31.818603515625,0.00315251294523478,0.00102985824923962,2011,"B-05","legal male",3,0,4.1,2011-06-24,"2011",-705.000809231738,650.120619411208,110.484512329102,2011-06-26 12:00:00
"243",2.16826725006104,31.8484001159668,0.00255309883505106,0.000675333489198238,2011,"C-05","legal male",3,0,4.1,2011-06-24,"2011",-698.583175838373,687.727086422896,107.959526062012,2011-06-26 12:00:00
"244",2.15220546722412,31.9229965209961,0.00156272877939045,0.000762395677156746,2011,"D-05","legal male",3,0,3.3,2011-06-24,"2011",-693.637010938278,723.870187286488,95.7823257446289,2011-06-26 12:00:00
"245",2.48155903816223,32.044376373291,0.00155215198174119,0.00172783504240215,2011,"E-03","legal male",3,0,3.2,2011-06-25,"2011",-762.293764995811,773.87705181998,103.920852661133,2011-06-26 12:00:00
"246",2.30979299545288,31.929370880127,0.00190965447109193,0.00123856379650533,2011,"D-03","legal male",3,0,3.7,2011-06-25,"2011",-769.075130751162,737.780036539943,124.708602905273,2011-06-26 12:00:00
"247",2.82485246658325,31.9163856506348,0.00246891658753157,-2.40200478174302e-07,2011,"C-03","legal male",3,0,3.8,2011-06-25,"2011",-774.273263038716,701.718290366786,126.870292663574,2011-06-26 12:00:00
"248",3.42224192619324,32.0437698364258,-0.00130453216843307,-0.00012907425116282,2011,"B-03","legal male",3,0,3.8,2011-06-25,"2011",-778.88965897614,665.525398264388,132.731994628906,2011-06-26 12:00:00
"249",3.84232687950134,31.9092350006104,-0.000179625727469102,0.000520723755471408,2011,"A-03","legal male",3,0,3.8,2011-06-25,"2011",-783.559284975511,628.04006599385,141.659515380859,2011-06-26 12:00:00
"250",2.7805061340332,32.0675659179688,-0.00204171892255545,-0.00141385814640671,2011,"E-01","legal male",3,0,3.4,2011-06-26,"2011",-837.227811172427,789.877594874124,128.593368530273,2011-06-26 12:00:00
"251",3.35117745399475,32.2216911315918,-0.000310020084725693,-0.00195092533249408,2011,"D-01","legal male",3,0,3.4,2011-06-26,"2011",-842.528536539537,752.484148736229,132.963775634766,2011-06-26 12:00:00
"252",2.5630989074707,31.957633972168,0.000418025127146393,-0.000992601504549384,2011,"D-02","legal male",3,0,3.6,2011-06-26,"2011",-805.319030729163,744.737878896719,134.252105712891,2011-06-26 12:00:00
"253",2.83020663261414,32.0868644714355,-0.00259445165283978,-0.00112695340067148,2011,"J-02","legal male",3,0,1.1,2011-06-20,"2011",-771.260162226555,967.112953356104,61.4109802246094,2011-06-26 12:00:00
"254",2.31360864639282,32.1160659790039,-0.00280423113144934,0.00149436783976853,2011,"I-02","legal male",3,0,1.1,2011-06-20,"2011",-775.86214447095,929.433185470858,67.2781524658203,2011-06-26 12:00:00
"255",2.21644186973572,32.0346984863281,-0.00111333059612662,0.00262901606038213,2011,"H-02","legal male",3,0,2.1,2011-06-20,"2011",-783.594581268509,892.21313189038,69.8451919555664,2011-06-26 12:00:00
"256",2.55477595329285,32.0579719543457,0.000549983407836407,0.00292686559259892,2011,"G-02","legal male",3,0,3.4,2011-06-20,"2011",-788.113734969097,855.094073745317,74.1584548950195,2011-06-26 12:00:00
"257",2.70378065109253,31.7798976898193,0.00908457487821579,-0.00248500565066934,2011,"Z-05","legal male",3,0,5.3,2011-06-24,"2011",-716.330210182516,578.395511691849,82.5135803222656,2011-06-26 12:00:00
"258",1.59069311618805,31.1654472351074,0.00411483645439148,-0.00188822497148067,2011,"A-06","legal male",3,0,5.6,2011-06-24,"2011",-674.424806147397,610.810171404416,63.7015800476074,2011-06-26 12:00:00
"259",1.87982821464539,31.6786613464355,0.00396833755075932,-0.00699058594182134,2011,"B-06","legal male",3,0,4.6,2011-06-24,"2011",-666.358225118348,645.508747876519,100.128379821777,2011-06-26 12:00:00
"260",2.28449511528015,32.0277786254883,0.000485898664919659,0.00115119246765971,2011,"E-04","legal male",3,0,2.5,2011-06-25,"2011",-725.275868922638,765.789880830845,91.8054275512695,2011-06-26 12:00:00
"261",2.23600435256958,31.9294967651367,0.00169844052288681,0.00130516197532415,2011,"D-04","legal male",3,0,3.6,2011-06-25,"2011",-730.374855386253,731.517243223484,107.490760803223,2011-06-26 12:00:00
"262",2.75052523612976,31.8631057739258,0.00308644259348512,0.000334964221110567,2011,"C-04","legal male",3,0,4,2011-06-25,"2011",-738.214728415076,694.285067513887,117.463203430176,2011-06-26 12:00:00
"263",3.14278292655945,32.0152282714844,0.000290015828795731,0.00105934834573418,2011,"B-04","legal male",3,0,4,2011-06-25,"2011",-743.622290413512,658.405024127424,120.094352722168,2011-06-26 12:00:00
"264",3.74971914291382,31.7570495605469,-0.00209967652335763,-0.00258758547715843,2011,"A-04","legal male",3,0,4.2,2011-06-25,"2011",-749.004983524805,620.513370647279,129.998641967773,2011-06-26 12:00:00
"265",2.9563570022583,32.1617088317871,0.00112606305629015,0.00229117134585977,2011,"F-02","legal male",3,0,2.8,2011-06-26,"2011",-794.201060668012,818.949879835018,95.2683563232422,2011-06-26 12:00:00
"266",2.9955370426178,32.2163963317871,0.00291054672561586,0.00313899153843522,2011,"F-01","legal male",3,0,3,2011-06-26,"2011",-829.411012714293,824.780792501452,101.49243927002,2011-06-26 12:00:00
"267",2.64187622070312,32.0513000488281,0.00219322950579226,0.00139407021924853,2011,"E-02","legal male",3,0,3.3,2011-06-26,"2011",-800.112224302174,781.934219174461,113.600532531738,2011-06-26 12:00:00
"268",4.2093563079834,32.2686538696289,0.0052763638086617,-0.00144335208460689,2011,"B-01","legal male",3,0,3.8,2011-07-14,"2011",-853.387627433135,678.864517552284,147.626052856445,2011-07-17 12:00:00
"269",4.28166818618774,32.1390075683594,0.0049363449215889,0.00101402483414859,2011,"C-01","legal male",3,0,3.8,2011-07-14,"2011",-848.231435784131,716.012700203582,134.799911499023,2011-07-17 12:00:00
"270",4.34001588821411,32.0141067504883,0.0063064806163311,-0.00140926172025502,2011,"A-02","legal male",3,0,3.9,2011-07-14,"2011",-822.818747452857,635.374329700542,155.043426513672,2011-07-17 12:00:00
"271",3.75945425033569,31.8598957061768,-0.000499913934618235,-0.00213938928209245,2011,"B-02","legal male",3,0,3.8,2011-07-14,"2011",-817.435325716101,672.737886085937,139.993545532227,2011-07-17 12:00:00
"272",3.67389941215515,32.13671875,-0.0006434919196181,-0.00234878738410771,2011,"C-02","legal male",3,0,3.8,2011-07-14,"2011",-810.96973178096,708.828305812885,134.46159362793,2011-07-17 12:00:00
